case_index	case_id	title	anchor_x	anchor_y	anchor_z	observation_index	x	y	z	block_state	placed	role	notes
1	clear_glass_wall	Clear glass: isolated cube and 3x3 wall	196	100	208	1	192	101	205	connectedglass:clear_glass	true	isolated cube	Compares an isolated cube with the internal seams and perimeter of a 3x3 same-ID wall.
1	clear_glass_wall	Clear glass: isolated cube and 3x3 wall	196	100	208	2	195	101	209	connectedglass:clear_glass	true	3x3 wall	Compares an isolated cube with the internal seams and perimeter of a 3x3 same-ID wall.
1	clear_glass_wall	Clear glass: isolated cube and 3x3 wall	196	100	208	3	196	101	209	connectedglass:clear_glass	true	3x3 wall	Compares an isolated cube with the internal seams and perimeter of a 3x3 same-ID wall.
1	clear_glass_wall	Clear glass: isolated cube and 3x3 wall	196	100	208	4	197	101	209	connectedglass:clear_glass	true	3x3 wall	Compares an isolated cube with the internal seams and perimeter of a 3x3 same-ID wall.
1	clear_glass_wall	Clear glass: isolated cube and 3x3 wall	196	100	208	5	195	102	209	connectedglass:clear_glass	true	3x3 wall	Compares an isolated cube with the internal seams and perimeter of a 3x3 same-ID wall.
1	clear_glass_wall	Clear glass: isolated cube and 3x3 wall	196	100	208	6	196	102	209	connectedglass:clear_glass	true	3x3 wall	Compares an isolated cube with the internal seams and perimeter of a 3x3 same-ID wall.
1	clear_glass_wall	Clear glass: isolated cube and 3x3 wall	196	100	208	7	197	102	209	connectedglass:clear_glass	true	3x3 wall	Compares an isolated cube with the internal seams and perimeter of a 3x3 same-ID wall.
1	clear_glass_wall	Clear glass: isolated cube and 3x3 wall	196	100	208	8	195	103	209	connectedglass:clear_glass	true	3x3 wall	Compares an isolated cube with the internal seams and perimeter of a 3x3 same-ID wall.
1	clear_glass_wall	Clear glass: isolated cube and 3x3 wall	196	100	208	9	196	103	209	connectedglass:clear_glass	true	3x3 wall	Compares an isolated cube with the internal seams and perimeter of a 3x3 same-ID wall.
1	clear_glass_wall	Clear glass: isolated cube and 3x3 wall	196	100	208	10	197	103	209	connectedglass:clear_glass	true	3x3 wall	Compares an isolated cube with the internal seams and perimeter of a 3x3 same-ID wall.
2	scratched_red_l	Scratched red glass: L wall with missing diagonal	212	100	208	1	210	101	208	connectedglass:scratched_glass_red	true	L corner	The lower-left corner has up and east neighbors while its diagonal remains air.
2	scratched_red_l	Scratched red glass: L wall with missing diagonal	212	100	208	2	211	101	208	connectedglass:scratched_glass_red	true	lower arm	The lower-left corner has up and east neighbors while its diagonal remains air.
2	scratched_red_l	Scratched red glass: L wall with missing diagonal	212	100	208	3	212	101	208	connectedglass:scratched_glass_red	true	lower arm	The lower-left corner has up and east neighbors while its diagonal remains air.
2	scratched_red_l	Scratched red glass: L wall with missing diagonal	212	100	208	4	210	102	208	connectedglass:scratched_glass_red	true	upright arm	The lower-left corner has up and east neighbors while its diagonal remains air.
2	scratched_red_l	Scratched red glass: L wall with missing diagonal	212	100	208	5	210	103	208	connectedglass:scratched_glass_red	true	upright arm	The lower-left corner has up and east neighbors while its diagonal remains air.
2	scratched_red_l	Scratched red glass: L wall with missing diagonal	212	100	208	6	211	102	208	minecraft:air	false	intentional missing diagonal	The lower-left corner has up and east neighbors while its diagonal remains air.
3	tinted_beside_stone	Tinted borderless glass: 2x2 beside stone	228	100	208	1	226	101	208	connectedglass:tinted_borderless_glass	true	2x2 tinted wall	A 2x2 tinted wall shares a vertical boundary with an opaque 2x2 vanilla stone control.
3	tinted_beside_stone	Tinted borderless glass: 2x2 beside stone	228	100	208	2	227	101	208	connectedglass:tinted_borderless_glass	true	2x2 tinted wall	A 2x2 tinted wall shares a vertical boundary with an opaque 2x2 vanilla stone control.
3	tinted_beside_stone	Tinted borderless glass: 2x2 beside stone	228	100	208	3	226	102	208	connectedglass:tinted_borderless_glass	true	2x2 tinted wall	A 2x2 tinted wall shares a vertical boundary with an opaque 2x2 vanilla stone control.
3	tinted_beside_stone	Tinted borderless glass: 2x2 beside stone	228	100	208	4	227	102	208	connectedglass:tinted_borderless_glass	true	2x2 tinted wall	A 2x2 tinted wall shares a vertical boundary with an opaque 2x2 vanilla stone control.
3	tinted_beside_stone	Tinted borderless glass: 2x2 beside stone	228	100	208	5	228	101	208	minecraft:stone	true	opaque boundary control	A 2x2 tinted wall shares a vertical boundary with an opaque 2x2 vanilla stone control.
3	tinted_beside_stone	Tinted borderless glass: 2x2 beside stone	228	100	208	6	229	101	208	minecraft:stone	true	opaque boundary control	A 2x2 tinted wall shares a vertical boundary with an opaque 2x2 vanilla stone control.
3	tinted_beside_stone	Tinted borderless glass: 2x2 beside stone	228	100	208	7	228	102	208	minecraft:stone	true	opaque boundary control	A 2x2 tinted wall shares a vertical boundary with an opaque 2x2 vanilla stone control.
3	tinted_beside_stone	Tinted borderless glass: 2x2 beside stone	228	100	208	8	229	102	208	minecraft:stone	true	opaque boundary control	A 2x2 tinted wall shares a vertical boundary with an opaque 2x2 vanilla stone control.
4	mixed_cube_boundary	Mixed clear, colored, and borderless cube boundary	244	100	208	1	241	101	208	connectedglass:clear_glass	true	same-ID clear pair	Two identical clear cubes establish the positive control before colored and borderless ID boundaries.
4	mixed_cube_boundary	Mixed clear, colored, and borderless cube boundary	244	100	208	2	242	101	208	connectedglass:clear_glass	true	same-ID clear pair	Two identical clear cubes establish the positive control before colored and borderless ID boundaries.
4	mixed_cube_boundary	Mixed clear, colored, and borderless cube boundary	244	100	208	3	243	101	208	connectedglass:clear_glass_red	true	colored boundary	Two identical clear cubes establish the positive control before colored and borderless ID boundaries.
4	mixed_cube_boundary	Mixed clear, colored, and borderless cube boundary	244	100	208	4	244	101	208	connectedglass:borderless_glass	true	borderless boundary	Two identical clear cubes establish the positive control before colored and borderless ID boundaries.
5	clear_pane_topologies	Clear pane: isolated, straight, L, T, and cross	196	100	224	1	192	101	220	connectedglass:clear_glass_pane[east=false,north=false,south=false,waterlogged=false,west=false]	true	isolated pane	Five separated pane networks lock all horizontal multipart connection combinations needed by the fixture.
5	clear_pane_topologies	Clear pane: isolated, straight, L, T, and cross	196	100	224	2	192	101	224	connectedglass:clear_glass_pane[east=false,north=false,south=true,waterlogged=false,west=false]	true	straight north end	Five separated pane networks lock all horizontal multipart connection combinations needed by the fixture.
5	clear_pane_topologies	Clear pane: isolated, straight, L, T, and cross	196	100	224	3	192	101	225	connectedglass:clear_glass_pane[east=false,north=true,south=true,waterlogged=false,west=false]	true	straight middle	Five separated pane networks lock all horizontal multipart connection combinations needed by the fixture.
5	clear_pane_topologies	Clear pane: isolated, straight, L, T, and cross	196	100	224	4	192	101	226	connectedglass:clear_glass_pane[east=false,north=true,south=false,waterlogged=false,west=false]	true	straight south end	Five separated pane networks lock all horizontal multipart connection combinations needed by the fixture.
5	clear_pane_topologies	Clear pane: isolated, straight, L, T, and cross	196	100	224	5	196	101	220	connectedglass:clear_glass_pane[east=false,north=false,south=true,waterlogged=false,west=false]	true	L north end	Five separated pane networks lock all horizontal multipart connection combinations needed by the fixture.
5	clear_pane_topologies	Clear pane: isolated, straight, L, T, and cross	196	100	224	6	196	101	221	connectedglass:clear_glass_pane[east=true,north=true,south=false,waterlogged=false,west=false]	true	L corner	Five separated pane networks lock all horizontal multipart connection combinations needed by the fixture.
5	clear_pane_topologies	Clear pane: isolated, straight, L, T, and cross	196	100	224	7	197	101	221	connectedglass:clear_glass_pane[east=false,north=false,south=false,waterlogged=false,west=true]	true	L east end	Five separated pane networks lock all horizontal multipart connection combinations needed by the fixture.
5	clear_pane_topologies	Clear pane: isolated, straight, L, T, and cross	196	100	224	8	196	101	225	connectedglass:clear_glass_pane[east=true,north=true,south=false,waterlogged=false,west=true]	true	T center	Five separated pane networks lock all horizontal multipart connection combinations needed by the fixture.
5	clear_pane_topologies	Clear pane: isolated, straight, L, T, and cross	196	100	224	9	196	101	224	connectedglass:clear_glass_pane[east=false,north=false,south=true,waterlogged=false,west=false]	true	T north end	Five separated pane networks lock all horizontal multipart connection combinations needed by the fixture.
5	clear_pane_topologies	Clear pane: isolated, straight, L, T, and cross	196	100	224	10	197	101	225	connectedglass:clear_glass_pane[east=false,north=false,south=false,waterlogged=false,west=true]	true	T east end	Five separated pane networks lock all horizontal multipart connection combinations needed by the fixture.
5	clear_pane_topologies	Clear pane: isolated, straight, L, T, and cross	196	100	224	11	195	101	225	connectedglass:clear_glass_pane[east=true,north=false,south=false,waterlogged=false,west=false]	true	T west end	Five separated pane networks lock all horizontal multipart connection combinations needed by the fixture.
5	clear_pane_topologies	Clear pane: isolated, straight, L, T, and cross	196	100	224	12	200	101	225	connectedglass:clear_glass_pane[east=true,north=true,south=true,waterlogged=false,west=true]	true	cross center	Five separated pane networks lock all horizontal multipart connection combinations needed by the fixture.
5	clear_pane_topologies	Clear pane: isolated, straight, L, T, and cross	196	100	224	13	200	101	224	connectedglass:clear_glass_pane[east=false,north=false,south=true,waterlogged=false,west=false]	true	cross north end	Five separated pane networks lock all horizontal multipart connection combinations needed by the fixture.
5	clear_pane_topologies	Clear pane: isolated, straight, L, T, and cross	196	100	224	14	201	101	225	connectedglass:clear_glass_pane[east=false,north=false,south=false,waterlogged=false,west=true]	true	cross east end	Five separated pane networks lock all horizontal multipart connection combinations needed by the fixture.
5	clear_pane_topologies	Clear pane: isolated, straight, L, T, and cross	196	100	224	15	200	101	226	connectedglass:clear_glass_pane[east=false,north=true,south=false,waterlogged=false,west=false]	true	cross south end	Five separated pane networks lock all horizontal multipart connection combinations needed by the fixture.
5	clear_pane_topologies	Clear pane: isolated, straight, L, T, and cross	196	100	224	16	199	101	225	connectedglass:clear_glass_pane[east=true,north=false,south=false,waterlogged=false,west=false]	true	cross west end	Five separated pane networks lock all horizontal multipart connection combinations needed by the fixture.
6	red_pane_stacks	Borderless red pane: two-high straight and cross stacks	212	100	224	1	208	101	223	connectedglass:borderless_glass_red_pane[east=false,north=false,south=true,waterlogged=false,west=false]	true	two-high straight north end	Duplicated vertical layers exercise pane top/bottom culling without changing horizontal state properties.
6	red_pane_stacks	Borderless red pane: two-high straight and cross stacks	212	100	224	2	208	102	223	connectedglass:borderless_glass_red_pane[east=false,north=false,south=true,waterlogged=false,west=false]	true	two-high straight north end	Duplicated vertical layers exercise pane top/bottom culling without changing horizontal state properties.
6	red_pane_stacks	Borderless red pane: two-high straight and cross stacks	212	100	224	3	208	101	224	connectedglass:borderless_glass_red_pane[east=false,north=true,south=true,waterlogged=false,west=false]	true	two-high straight middle	Duplicated vertical layers exercise pane top/bottom culling without changing horizontal state properties.
6	red_pane_stacks	Borderless red pane: two-high straight and cross stacks	212	100	224	4	208	102	224	connectedglass:borderless_glass_red_pane[east=false,north=true,south=true,waterlogged=false,west=false]	true	two-high straight middle	Duplicated vertical layers exercise pane top/bottom culling without changing horizontal state properties.
6	red_pane_stacks	Borderless red pane: two-high straight and cross stacks	212	100	224	5	208	101	225	connectedglass:borderless_glass_red_pane[east=false,north=true,south=false,waterlogged=false,west=false]	true	two-high straight south end	Duplicated vertical layers exercise pane top/bottom culling without changing horizontal state properties.
6	red_pane_stacks	Borderless red pane: two-high straight and cross stacks	212	100	224	6	208	102	225	connectedglass:borderless_glass_red_pane[east=false,north=true,south=false,waterlogged=false,west=false]	true	two-high straight south end	Duplicated vertical layers exercise pane top/bottom culling without changing horizontal state properties.
6	red_pane_stacks	Borderless red pane: two-high straight and cross stacks	212	100	224	7	215	101	224	connectedglass:borderless_glass_red_pane[east=true,north=true,south=true,waterlogged=false,west=true]	true	two-high cross center	Duplicated vertical layers exercise pane top/bottom culling without changing horizontal state properties.
6	red_pane_stacks	Borderless red pane: two-high straight and cross stacks	212	100	224	8	215	101	223	connectedglass:borderless_glass_red_pane[east=false,north=false,south=true,waterlogged=false,west=false]	true	two-high cross north end	Duplicated vertical layers exercise pane top/bottom culling without changing horizontal state properties.
6	red_pane_stacks	Borderless red pane: two-high straight and cross stacks	212	100	224	9	216	101	224	connectedglass:borderless_glass_red_pane[east=false,north=false,south=false,waterlogged=false,west=true]	true	two-high cross east end	Duplicated vertical layers exercise pane top/bottom culling without changing horizontal state properties.
6	red_pane_stacks	Borderless red pane: two-high straight and cross stacks	212	100	224	10	215	101	225	connectedglass:borderless_glass_red_pane[east=false,north=true,south=false,waterlogged=false,west=false]	true	two-high cross south end	Duplicated vertical layers exercise pane top/bottom culling without changing horizontal state properties.
6	red_pane_stacks	Borderless red pane: two-high straight and cross stacks	212	100	224	11	214	101	224	connectedglass:borderless_glass_red_pane[east=true,north=false,south=false,waterlogged=false,west=false]	true	two-high cross west end	Duplicated vertical layers exercise pane top/bottom culling without changing horizontal state properties.
6	red_pane_stacks	Borderless red pane: two-high straight and cross stacks	212	100	224	12	215	102	224	connectedglass:borderless_glass_red_pane[east=true,north=true,south=true,waterlogged=false,west=true]	true	two-high cross center	Duplicated vertical layers exercise pane top/bottom culling without changing horizontal state properties.
6	red_pane_stacks	Borderless red pane: two-high straight and cross stacks	212	100	224	13	215	102	223	connectedglass:borderless_glass_red_pane[east=false,north=false,south=true,waterlogged=false,west=false]	true	two-high cross north end	Duplicated vertical layers exercise pane top/bottom culling without changing horizontal state properties.
6	red_pane_stacks	Borderless red pane: two-high straight and cross stacks	212	100	224	14	216	102	224	connectedglass:borderless_glass_red_pane[east=false,north=false,south=false,waterlogged=false,west=true]	true	two-high cross east end	Duplicated vertical layers exercise pane top/bottom culling without changing horizontal state properties.
6	red_pane_stacks	Borderless red pane: two-high straight and cross stacks	212	100	224	15	215	102	225	connectedglass:borderless_glass_red_pane[east=false,north=true,south=false,waterlogged=false,west=false]	true	two-high cross south end	Duplicated vertical layers exercise pane top/bottom culling without changing horizontal state properties.
6	red_pane_stacks	Borderless red pane: two-high straight and cross stacks	212	100	224	16	214	102	224	connectedglass:borderless_glass_red_pane[east=true,north=false,south=false,waterlogged=false,west=false]	true	two-high cross west end	Duplicated vertical layers exercise pane top/bottom culling without changing horizontal state properties.
7	mixed_and_waterlogged_panes	Mixed pane boundary and contained waterlogged pane	228	100	224	1	224	101	221	connectedglass:clear_glass_pane[east=true,north=false,south=false,waterlogged=false,west=false]	true	mixed boundary: clear	Adjacent distinct pane IDs connect geometrically but retain separate material identity; a same-ID cross contains one waterlogged center.
7	mixed_and_waterlogged_panes	Mixed pane boundary and contained waterlogged pane	228	100	224	2	225	101	221	connectedglass:clear_glass_red_pane[east=true,north=false,south=false,waterlogged=false,west=true]	true	mixed boundary: red	Adjacent distinct pane IDs connect geometrically but retain separate material identity; a same-ID cross contains one waterlogged center.
7	mixed_and_waterlogged_panes	Mixed pane boundary and contained waterlogged pane	228	100	224	3	226	101	221	connectedglass:borderless_glass_pane[east=false,north=false,south=false,waterlogged=false,west=true]	true	mixed boundary: borderless	Adjacent distinct pane IDs connect geometrically but retain separate material identity; a same-ID cross contains one waterlogged center.
7	mixed_and_waterlogged_panes	Mixed pane boundary and contained waterlogged pane	228	100	224	4	230	101	224	connectedglass:clear_glass_pane[east=false,north=false,south=true,waterlogged=false,west=false]	true	waterlogged cross north end	Adjacent distinct pane IDs connect geometrically but retain separate material identity; a same-ID cross contains one waterlogged center.
7	mixed_and_waterlogged_panes	Mixed pane boundary and contained waterlogged pane	228	100	224	5	231	101	225	connectedglass:clear_glass_pane[east=false,north=false,south=false,waterlogged=false,west=true]	true	waterlogged cross east end	Adjacent distinct pane IDs connect geometrically but retain separate material identity; a same-ID cross contains one waterlogged center.
7	mixed_and_waterlogged_panes	Mixed pane boundary and contained waterlogged pane	228	100	224	6	230	101	226	connectedglass:clear_glass_pane[east=false,north=true,south=false,waterlogged=false,west=false]	true	waterlogged cross south end	Adjacent distinct pane IDs connect geometrically but retain separate material identity; a same-ID cross contains one waterlogged center.
7	mixed_and_waterlogged_panes	Mixed pane boundary and contained waterlogged pane	228	100	224	7	229	101	225	connectedglass:clear_glass_pane[east=true,north=false,south=false,waterlogged=false,west=false]	true	waterlogged cross west end	Adjacent distinct pane IDs connect geometrically but retain separate material identity; a same-ID cross contains one waterlogged center.
7	mixed_and_waterlogged_panes	Mixed pane boundary and contained waterlogged pane	228	100	224	8	230	101	225	connectedglass:clear_glass_pane[east=true,north=true,south=true,waterlogged=true,west=true]	true	contained waterlogged cross center	Adjacent distinct pane IDs connect geometrically but retain separate material identity; a same-ID cross contains one waterlogged center.
8	vanilla_controls	Vanilla glass, pane, and stone controls	244	100	224	1	240	101	224	minecraft:glass	true	vanilla glass pair	A same-ID vanilla glass pair, isolated vanilla pane, and isolated stone remain outside the add-on route.
8	vanilla_controls	Vanilla glass, pane, and stone controls	244	100	224	2	241	101	224	minecraft:glass	true	vanilla glass pair	A same-ID vanilla glass pair, isolated vanilla pane, and isolated stone remain outside the add-on route.
8	vanilla_controls	Vanilla glass, pane, and stone controls	244	100	224	3	244	101	224	minecraft:glass_pane[east=false,north=false,south=false,waterlogged=false,west=false]	true	isolated vanilla pane	A same-ID vanilla glass pair, isolated vanilla pane, and isolated stone remain outside the add-on route.
8	vanilla_controls	Vanilla glass, pane, and stone controls	244	100	224	4	248	101	224	minecraft:stone	true	isolated stone	A same-ID vanilla glass pair, isolated vanilla pane, and isolated stone remain outside the add-on route.
