connectedglass:borderless_glass	full	1	0522a00c2cb071b684c5664f6118c1be96d211da787a78f399cab932caea822a	2f6d7fd0051eaa18985190fdc5d9bf4bc6822e81a2b40d4a1ed5fbb74ab8168f
connectedglass:borderless_glass_black	full	1	7dd127387beafb639794bb20fffcd863feec13a14692318ce3cd3ab55167d85e	03b2650b40564921590bb00d7d6806da881d83a2f07aa2b3e1dd89d785e801d3
connectedglass:borderless_glass_black_pane	pane	32	afbffac545572f4c0d0df8165082265f046c876642a9ef331b17cce66b0c52b6	8350ac50b555a9db21d274d80cb8aec90819ce7cefa4c3d491c4cfb520c8c066
connectedglass:borderless_glass_blue	full	1	29a62b794cdb7af912063f35de00154895c52c379cfae0111b6dfe027b9dae00	c3ce02039a79b4df7d549eeed7c5c771b80f1c0bbf77e9798b5b81335b1a58e6
connectedglass:borderless_glass_blue_pane	pane	32	e07caf332730c8efb33fd00973db40a2a51f586805a8f5e99ca8844f0a8e1451	13a98b402d469bcad422d7846f527980147bc120103eba4d684e48ec4d5be527
connectedglass:borderless_glass_brown	full	1	df4ace80d1e9d8f291a4d7c3e5be9b9d3cc96d583f49f2120a6165f674fdedc8	e56f62f49176c73a6aa64fe5e79299bc6e2dbfc25a05a78c2b1eca4452f9a741
connectedglass:borderless_glass_brown_pane	pane	32	cc679fc3b795271a5974320337181270e61ca87fcf3f50b4cdc00987bdb4d24f	0a713652c07fafad3df47fd0bbb7afcb6abd7df646dd63e686c7466b234ad9c4
connectedglass:borderless_glass_cyan	full	1	90b13b5be4802b0b2e980dbe148d6ff9f9312dd8d41ffc27744c94504cf70b0b	5a4806028736c69caef84d111ed1622252a1ff953a99256b173ccce6329afcc7
connectedglass:borderless_glass_cyan_pane	pane	32	a5144565f7847ad766697a700d1603a8a4c4b11722755d7dbdd792ff81cbbe87	314ea9ba75bd68b166637a363fbeda1095eea4857f17a2dd3874dcf67a75ce59
connectedglass:borderless_glass_gray	full	1	bc3333ee5b02d3427e89a3bf7464d9f27a19e63bd8dab9d59a5cd73fcee4bdf0	1612f39165c59b72c9541d2d345357bdbbe4d6886d86d115ac9e35822068fa92
connectedglass:borderless_glass_gray_pane	pane	32	4f2d94ccd356259f80adcee7b9df88fb76e6d4a99a48ed63b909a862dca2b468	27b2756d7d1514fc078c09b4db4e0794cc4b9cb7c2695c100360f827d2fa00fe
connectedglass:borderless_glass_green	full	1	70d4ef273869379991f1cd0c1e23b5fa851bfc1277ee767681a470237e5f06bf	96a302e6ca8de4a0da186dc62fdc6ff0de286dc30c9fec41d92b32d19dab5011
connectedglass:borderless_glass_green_pane	pane	32	20815d947cab9c21ae6afd21592121f79fdf0ba3eb2b5357d37bd16253474385	d0cd2d8aa2ff232dc9dc73a0f93b392e76b75f360e265a5abe7a2e61883456e5
connectedglass:borderless_glass_light_blue	full	1	81e775084a0a783ef59fa4ea6a8d05c084d142523c7def640baae0e7f58a32af	32af7444000f68194b8bec92a4fbbce46e8f254730b9ca64ea74b7541a9b2306
connectedglass:borderless_glass_light_blue_pane	pane	32	cb2c8fb6264e4382887ba4ad471eed73d991f6af08fb3b71e5e656f6ae3ab0cb	2177448b9ca6300111119a4e94571d826f6959fd17e911d096e8f748001275a2
connectedglass:borderless_glass_light_gray	full	1	ec37f48dcde3e568442bf25db1c55c74c3b14f1908c7788fbda48757f8b2ef25	eaa6686d55d3c77cc28b2e6388347fac0959d54f5231dfe84b922733a26e2499
connectedglass:borderless_glass_light_gray_pane	pane	32	2a304bef5ed1a86f189495adce44363a124d3845e7b402f2b9d650ac44805b75	a22b21c86fac328a87e6d5643fdb90debf14cc67252451a6570d9302619354d3
connectedglass:borderless_glass_lime	full	1	843936f5d9782e9a38016d09d022ea8dd9ce65eec1e2d1d8ab9e8e37425e6e40	847e7ff7c91a6dc2f6ef533a540284f02dc427755bbe147e5afa057f9001ffe6
connectedglass:borderless_glass_lime_pane	pane	32	42bc426dff98627c1370e213fa464596221cc9bd5e12fbafe4a8d87710539b16	7f5836f4dfb2408dd5c64813de4521b50742b83ecc42969c2e4e84bc48cb618a
connectedglass:borderless_glass_magenta	full	1	4e706aa2dd70f69579558b156098c9dbcabf4f6e5947f5aa7fdc1991e4c03a70	39339f9676e925b1b2566e106e566e208efba8c4b8bcf95e08cb925c43b484f8
connectedglass:borderless_glass_magenta_pane	pane	32	58dd878f1ac48dee197d58ec5d315024497da419c9fca1c0da1e2d98a43a801b	0ddfcd9a2c44d783928cd9f476cd40ef3a8dd6f33558afb13a45372e0703882d
connectedglass:borderless_glass_orange	full	1	1487a2f734f58cbc4cbf938279b437ec1f759d8840366a4ca0ec06b1c6c5d8a9	70a5df7da62db62e50177799d31b244da75ad92372e59c2352443e051f8a7d63
connectedglass:borderless_glass_orange_pane	pane	32	bd11fed9fe368e3a269697817600e1abb598ce67462fe363b303841d55df8df7	0e5ae6a64c2dfbff2633f75e648c56db34f0ca646de89573c13823ed63e648f0
connectedglass:borderless_glass_pane	pane	32	2cfdc4dd96137d5faa624388c5670e88d8b5ac5b0b0359504035583dc78af447	cec209d4ba0ac7e6f72e635fe9f03f46396dc4250cca5e0efa392c925eabc0c9
connectedglass:borderless_glass_pink	full	1	78e0174d604995f3644cce99b10678a11b31c6ccd879b00d3b2977992a722504	d8b7ed95aca0b1ee5ed4a632ca6bfebd774977afcfc151d75a11422202e223d5
connectedglass:borderless_glass_pink_pane	pane	32	8ec9efe4750471255b4a115b0953195c7b9213776ce9bcf2367034861b50133e	4fe0c695f7bee62b28e802d33185085414120a393af478c66610fdfcd3a6869b
connectedglass:borderless_glass_purple	full	1	3fbe52143da807fb677e95ae2438ed810ee2455a0acbb42b621514f8a7464d2e	e1e47c1c6262e4ecb6984f5bb2e52c539212c894c2c67997a8e403d506508f92
connectedglass:borderless_glass_purple_pane	pane	32	a8495248a7c35a546e15e8927b15e7f72403294afb5745ae5e5f3540f6042715	950ad73ba3fe9d7ff7f58a90ffcd87ed947c3becae0de7dac7a7fd125da257b1
connectedglass:borderless_glass_red	full	1	eec6dd1d9c78d47ecac0ccbec0a3d2da17b9f1fa09519ec5767fadf6ef4c5362	ddb25325cd13b493d50ab3f9526ab37b5c324d2610bd6b0ddad4d3d6654dfebc
connectedglass:borderless_glass_red_pane	pane	32	7190a92368abfcb931cf88d8428885aaa04af51d8b9b6ca1b43ff034fa293d03	884fd51a9e57309e2fc2be1782be399516e05fd454ee6a7f7e6c81b0e952d571
connectedglass:borderless_glass_white	full	1	b585803cb935ad43813bcb6e4154a4c8e24c5e197d505d790187f05bd5c4f9f3	c3c4d2a05f63ce252a8456cf501053535721ef66c7f2616b008cc0d5ece0a679
connectedglass:borderless_glass_white_pane	pane	32	85813b0f9f267dab684f9a7073741c34ce3414f0b20d9cff691898e0aee7376a	cddb468d199981e163a975c30cb2ff8dfd9200e1362db0c77028476674c18de3
connectedglass:borderless_glass_yellow	full	1	4bacfbcf13ae1fa5619d8a55fb15474b2c4107e66137188dd33fa82d46d93965	46f9459cd8fcdd13d3be3e798b4dd6f75148fe9bccdee1876efa9266f7655c1a
connectedglass:borderless_glass_yellow_pane	pane	32	cf324b788c50450f16a9dc8707dbe3cb41af6986c616dc41df59af18d8ccf514	44bea361e65e5a9e26801fe3a98e9c604af0ba968333c202fb9f9710e4057343
connectedglass:clear_glass	full	1	e2fc9afdf92e085b58eba272033b3ca4dbad6a67e0b99eeb7d1cb7fd6c8948d1	52df590b2f3adc17f17797fa5c9241ce421e378bd001bc4d9668b5320cc15272
connectedglass:clear_glass_black	full	1	4b1cd006655c38de6ea9e21b87e758f1c07e26bbaea76a215a43383faa1a201c	6ef51134338ed481c47eaa52e6052636b2eeb71d6b286ae297812ffe0413a7c7
connectedglass:clear_glass_black_pane	pane	32	ebffc943ee47cf488b54fd0ca6e887e10bb039ed9faf209a5e9d3275837b593e	b471233c1e41c2a234f5f1bff0a26b3e4d9cde3c01244f516cb6ac73d9c61af4
connectedglass:clear_glass_blue	full	1	b7b03d84c7a7a163ab0e3fabfd4bfb49d65e0a0445e6536eb0469db560a34be0	91eae7093c73beddc9e23ed62ec166a1ba81b5e7ed4c0fdca7c76a6e1d433f8e
connectedglass:clear_glass_blue_pane	pane	32	63c05611d3ae81c9e0ea4823f0f47dd473387572fe69eec495ab08a96a0d325a	d7c9d28b366f51295f5d5c0e042bb5be9cf47f01351d174883a8fc4973bd77dd
connectedglass:clear_glass_brown	full	1	e705cca699812edec59d4241fd793630d9fe98a4730b895c8c8ae73b8f55d244	58ec1150b1eaf078b2a0300f4ba5db4028afaa526f22b92f578d32c64121a5d5
connectedglass:clear_glass_brown_pane	pane	32	556b947603a6503aa07ee9ead7f1ffefc908bfecdfb091701565380a7b8cd721	3f6e7afd628234bc7cf900f3ff34b1cd6b68ab71232acf0936c1500c24c410c5
connectedglass:clear_glass_cyan	full	1	2779fbba4aa9d8f3510f12a947df0f7b284fbeaa163dbd1babbb80db79048474	102486765dac762966f5b16906ad0c81d8f4e3c8d93e543e2ebf3948009ecfe8
connectedglass:clear_glass_cyan_pane	pane	32	ed47b941c35ef19c2aad4c739f0c5ee350e3236090e725344ac31e16716c5997	57cde81fc55695b2af3aeeaf798b70314ba6e118ca12477c13982fd5cb76be97
connectedglass:clear_glass_gray	full	1	2238bb0ca8df8b6a7ea8c67e494f176b15f98b9a5549188558068e620fbdfc46	c25de253a633441e97f94250ff263f5ece1c519878a13debf2d6583b79e26266
connectedglass:clear_glass_gray_pane	pane	32	4138e4326ecd66568307d21c55d15ca19d4bc57de9e2c24228b54501cdbfeaad	8a70652c6159fb928b73deeb5564eeee39a8eeb570414a9ea9076f8619018878
connectedglass:clear_glass_green	full	1	56a41fd6a25995ffda7857cfe8cf826e04fed9cc0e2e7e63eca7cf60664c4634	a39dee729e75d7c569a0b659557375a36406a992ea069981a96025b6e13bcada
connectedglass:clear_glass_green_pane	pane	32	0feddc291e869f4145b18e71a407ad72181170e1477d5bad5597da46af8fc0e8	aebf4c973daac162c44c72e073183d514a329d928cd0d7ee4b0d51e4d41ea379
connectedglass:clear_glass_light_blue	full	1	7ac8f391550c951c206d2e1bca503dbaacf88ba2c126f2b2e4a208fad4a32d75	eb793900f066e2725412949df75b89368f8a95957551159458b523769e187d9c
connectedglass:clear_glass_light_blue_pane	pane	32	c48adc92a1ab6216492ad9ce2ca90ec35683d3814851f207248f4ce3dc7abf66	4fdaf93112346f6425116cfc82a8ab53bc6298193ad9902d3d61f58a2c46c4ab
connectedglass:clear_glass_light_gray	full	1	922977b17fe546dc847f83776af00e3edaf8c2ab45c006829f6c2e593ec05a4a	938f06555cfb5056827227e28fedcebd37bec3b9d1b4ba068511417602b69ded
connectedglass:clear_glass_light_gray_pane	pane	32	7b4b70f4df1e84497a3d7abdc4c627e2004f65c93f7226f11fa160e81d2e05d0	6a90e32026015c23ecd8e0ea929018671bbe7f6d987913e00b6607b352ab48d5
connectedglass:clear_glass_lime	full	1	35c2182e381f2376a60fd6d3d357a816a0268002802e998a7f627bcad9f642c3	982906a385410c4e8b71f8ca1dcc290516b1f13faa20bb19992046ffd8e20dc7
connectedglass:clear_glass_lime_pane	pane	32	ce6478f1402c62f1da5cc5ff58710a3999dc35aef42bdf65a892482a0fa491bb	cabf8e12df74461e3fa8cd3cc7af6c92fa57be3d05c1e422b2236d495194b0e4
connectedglass:clear_glass_magenta	full	1	6052ef6bb179c979e6bf6252e55856ccf70a4a8f5839a84a70cddf749230f647	e92064dc92aaa5cefea3b92d24c9d7aed25f7ad81c0f45454d538b80a59d3976
connectedglass:clear_glass_magenta_pane	pane	32	6d8308fcbd2bc652a739733af09664f4e2b97f71772d77060f780b7ff2984b26	85e4657120b56b79c1abb55492146e4e9a8ccace97a87e21643974a5f4511c6a
connectedglass:clear_glass_orange	full	1	bad532dbd9417caea3bcfc939f4a93283da10340f9c19d36f9fbf66d9c199f1d	9d8260f322529bcabcc17bd580d1eb5dea34a1beea5a9d3c6080a2122d44a080
connectedglass:clear_glass_orange_pane	pane	32	9bc790df6f40e15220c66393ed02fba8bc8af1ba9b0dfd0490367223541242e0	cb91f4aae2f2df6983d9c9c6ba867f2866bda9a3e572efdf3204d7025aa2b317
connectedglass:clear_glass_pane	pane	32	c45ed824b183ea550081d8701ecea283bd68f1a1a8449556a9575c460f2bb9a7	89931ca3e295266f21dd543fe34f4f3f02d45e5b3db1c9ddcf45327c54b6eb11
connectedglass:clear_glass_pink	full	1	c2c407ab3376c6ee833020b09c8a6ef446fa0acccb6306a4802c833522231bd2	78b69ff15c0b4f7eabdada5f22c08c4d87626471a3534064151f25291a8eb4db
connectedglass:clear_glass_pink_pane	pane	32	9ec4c2b6f3dcde06ba665336618a679b5208f5399f0bc3d36572244fb175e03a	699cadba45b8444fffb5fd03e13e4529e418261169aa3a267bab2c750acbac7e
connectedglass:clear_glass_purple	full	1	432d1bf259d0dddc4c5248badc0ecc3610a9cd09668d511581bd6bffbf2f189d	fad0eb6e843d7de866c8821d73ba4e4d4d6f77e54d24039f5b6556da3b639709
connectedglass:clear_glass_purple_pane	pane	32	8bd12e8245e20c833c9ac05f83f2a7eb868fc51fcb56849881f19093bc0c75a3	1a1801c96791b52ef0f116c2f837414d6947e88a2d74086d925e0646f1d5b17f
connectedglass:clear_glass_red	full	1	24fc129f9c22da57e362fb3ff0bf6d404ea0882e3d8b0b42d05ea1ac5d92cfab	d126338952ecbf7284167a0acb23b1f5b43580f2876c140e07561577369da690
connectedglass:clear_glass_red_pane	pane	32	d848a566f52c7c35f56c7e4e9d75136be363d29c3a23a3b9f2a989f69023b4e3	98eb25e8cd1f435996d02db38d155fd026a4b7e1c24d4b7ccc054c3f7449ce26
connectedglass:clear_glass_white	full	1	ae4531fa06b199fedf9aecaef27633c71dc4a7c820e8235a17e87d61bcc88a0c	998fd3f249da4e75d400f409a94e3e692faf0216ffe46f68e9a390bd88e0cf7f
connectedglass:clear_glass_white_pane	pane	32	a53122ca70ba64e58717e08455339c8695692778c91c2ff00e4687ed966d5771	4257e2372af493e33b938096311c1c65f95a3d9a727fb0bebfe0a294bb9048b9
connectedglass:clear_glass_yellow	full	1	cbb935305d4c2cca04234920ae14b1278e77bc87ceae330727f3a817d289ca2b	875e565a05db00d69238218736e466cff1d41e8b091697729902ebd7d42530d3
connectedglass:clear_glass_yellow_pane	pane	32	703ad54a52933992765aaf9fc6fd6d605d741005780bed3f36106cbe932e1de8	cabdbf7657b98a97080cb5f7e7db2d280c5b8857973e33d239dd8c0b05cd007e
connectedglass:scratched_glass	full	1	86e624ebca87b0eacf6331d986d1610adbc2572af0e6d2d28bc5063671465a82	18d1f06e563ae8d0f11e46e7cc2100fa5f494a05f0a6e316699b992865013ae9
connectedglass:scratched_glass_black	full	1	32602d52195892240080c653f655af8ef4b1d9667eb1202d87ee270d81848c2d	069cdf845ad46d7c8b86f6f10d42456d2224311aa7861f5c3fd883b87e71909d
connectedglass:scratched_glass_black_pane	pane	32	b67c65c4052e7b7d3c2c26733c5010c6b889198dc0543f5bbcdfcbe65908c241	02621a5a1944a27182b041d45f365c52819bd88133302deacad0639bd0bed2a5
connectedglass:scratched_glass_blue	full	1	f9c85e0cf190d89ec76ed17c6bc4f47ee76ae85ffe895ab30e37506aedcef3a3	57e0ef3d5fd9c75c0601872478649c09cfb9eed6f3f03d3cbd97023235435917
connectedglass:scratched_glass_blue_pane	pane	32	8df609040dc83af59dc3355e144dec609a76aae57b3ee258f54023cd6cf37de4	d1e88e6bb4a443d82e312317ad81deb0b1f9ee0fc4054aa48b312ede6667716f
connectedglass:scratched_glass_brown	full	1	5cb80f9d892cb1e1016ff5fa25923f9ff4659c1a6478bb4ed5a49e926d5c6d36	4239241ae9f64367e548f978807cbdb34495533657e49e2e80bd0d594b3ce57d
connectedglass:scratched_glass_brown_pane	pane	32	15fe4f0fec656c62d0e58fd141034ae3340ee95139c0a961bd37cc001006e669	7e0c1bae5596712d1be6d0082cfc4d6c70c2de923f11d68673caa06caf2f8406
connectedglass:scratched_glass_cyan	full	1	1e4dc9d9cf35285f039595ee8fdd4c5286125e97740ace63e752633406d69ad1	eb601633debd4f513fc4e6c1dbbfab2a751cd5d5babcb4c3e2d9c07f467d4abf
connectedglass:scratched_glass_cyan_pane	pane	32	f8a86250127e4b0d2b0764d1d476acaad272eb72ba8fc2b5d3e9298fb80aeb11	7541daa9a053cd0bb1405166dae67f59f4e94930751c9cc1c5c155cd7dd7c5ba
connectedglass:scratched_glass_gray	full	1	798d917e36e369530f474d9be95b9dee7f74f2f431d8dfaaefa4100a6fbc430e	364b1434aef3ef0fa031d9aa1fb43d6567d9007280ded8a4131515389ff0dc2f
connectedglass:scratched_glass_gray_pane	pane	32	3e77eee3a5b847dff54f8d2bef7868195b8e3146216743bb480a3a6af0f522d4	0538796e61fa8a4b8e492a44fc809e82367da298ba394ce40534844843253bee
connectedglass:scratched_glass_green	full	1	d280a7da61befc9bb61283b8fe191ad5343ddb8658b3d4433f1a43c402e5c92f	a623a79dd6e8be3f77a89d2468bfddacd6cb022a1f25dd220eddae8a6f5282dd
connectedglass:scratched_glass_green_pane	pane	32	36df5ea06e7f80110aff267366d725720392b4738e12a7968f094f85e57d79e6	543b82ca2337a8a346001c6162ce7147f006fca3e9e9e344103ff23a4d72b041
connectedglass:scratched_glass_light_blue	full	1	f651b523a6e0ed48534bf95a3d8137a49c9900616298c2a3019b49ad1528945d	6e5d88e836f60a7bde8db91008bfbf96547712531a84b45249290c5abe986e11
connectedglass:scratched_glass_light_blue_pane	pane	32	33c3b4647c5682b6e431802b24e756e4591f3c0214fadc3e73b824a074cfa254	8eebf58a1c406df70fcb943c8aaad49ab00b871cfbba017003ce77325c3b2c59
connectedglass:scratched_glass_light_gray	full	1	5c4598ed21a0005a984ce957ac75b39494f619cb6ca76e3f24e2d2a6f3af0cf2	882020dff09281043cfca0e6eae5b1546a0bcf64e46c69d7263ccea21be73ca5
connectedglass:scratched_glass_light_gray_pane	pane	32	222dc9c2e96c19b1678cfc5809e2d9a9bbe87e9ae8f61a83c561434bd1460a5c	df93b7b35e47efc36425ad268d62baee11e8c1d6b46ef761f12a08dbad98dfb4
connectedglass:scratched_glass_lime	full	1	aa531f674396e24eed3c85d066870ab3bb7800fa7850288bafdd990da975a923	8642ce3a30e473831b5db442829968a111caf0edb069a8af5b4e578c9a57616f
connectedglass:scratched_glass_lime_pane	pane	32	cc20e2d602bcfa29f960382b40d80996eb9a2f2fb0c954c15f1a431ec0c1ba64	dc8a25e31e871bbc7ffc4df4ace37020f68beeadbb4a1cf4f6fba9fd877d27b8
connectedglass:scratched_glass_magenta	full	1	d434caeb86e0d77e8ab05a0b6df8420f276c5b559489318081ec28cb8b4aa898	bd70bcf6a50fa0ea431e5e098785b6b2db49fc2e57fbe952409005e1be9c7881
connectedglass:scratched_glass_magenta_pane	pane	32	2374b7fff68a1133d9b8304fc8920d2593b6b14f1f6744f893fa8dc3316fa0d1	1b137be639bf3c460716da50a1ae593e37ae44d183df63f197396bccede300e7
connectedglass:scratched_glass_orange	full	1	2d8a20fb5595a4f8c9293be2bf7c58b0a9db70c75681e2ba2bd55534b52083f5	a9f4fa6fab0956f81166e5d2462acfbf4331b8dd5bd2ceff17b61411e76a0d6a
connectedglass:scratched_glass_orange_pane	pane	32	d087c73b0793b99e3bb81c26fa68fe90a81777ffb4f89dc383f05ccc180e9381	47c3df5961b5da4db5a26c0a7f1a6271d1d73a0cc30179d306f2099dce13f5ec
connectedglass:scratched_glass_pane	pane	32	5122e3e45862d2cbe1a81e6531e82b10f9639f57bfd39daff08ca9a9930cf4de	540ac138808c7f56ba3206c42b81b0c9260f28fea57082c6b4b8fcf7aeba6b76
connectedglass:scratched_glass_pink	full	1	62799b2500a4396ef291f678f712a16d138a3f67eac719a07097f11e3d4828e3	355acd98030e0829cf2d9e2aff6ce6f47f8613eb9b5d0ec0593423f967c7e99f
connectedglass:scratched_glass_pink_pane	pane	32	dc8b532d9d457d60f254e2831373fe34b3cad9bf7f9d57bc2baf22bd4ca47a9c	9302e9f926cc99455f03a9f6b776f6e0064c204b11dc8a29c731839e41b9df4a
connectedglass:scratched_glass_purple	full	1	f0b5a12f6f98c8bda96d3fec4adc429cc6f5fd16b5d2cb0815135027d3d5515b	8668ee7f29a6599d290debab250e084cec53100db4af6b4b9118826c400ef353
connectedglass:scratched_glass_purple_pane	pane	32	92300cd5d010db49d803e00a2a530606088e68750c7ebff0eeadf69f095ce1d6	a3cd856e1835963d513c6e4d1b50015160647d4489e751ed38343ee1ca154687
connectedglass:scratched_glass_red	full	1	17f16f9cefc39c40f35eaa8de3e55ef9e62495fe92d41d4de0a63e790e10da46	27fc0ddba9e6d0b7939d76cac3714dfd96e14670832c1b8075d88dfe6ef5272d
connectedglass:scratched_glass_red_pane	pane	32	21d696b3c4a4b9ce5c9895ee67a0c403cc11099042e9b69670737fb5cd0b140c	da7fffeb61d66204e0b1320921ffcbf5fdd173b4428df0154b479c9e451b4a78
connectedglass:scratched_glass_white	full	1	b2546659af1810c9c71a70dbcc12161e0234908cffd36cf624bef64a5a5a977c	6f810f30676ad2f03b585ab198e284a71c5777130a08ca46f39d51e71ff07263
connectedglass:scratched_glass_white_pane	pane	32	1fad02f3a2b3f027e00b1db35a330fb7162ee1161b29b967d3277c26247b75b2	ed87bd114967ca7ea4c8815715b156bbde6153dc576de5c871adb2a75cd16ad1
connectedglass:scratched_glass_yellow	full	1	78cd4f3b9bfa44eb36f31ccaea3526dedf8c1ab07f3cb786841b214bc8c7d1f6	6f41eea959a832c85e6c908dafd26143da68acfd5573fd92918fa7ba93bcf127
connectedglass:scratched_glass_yellow_pane	pane	32	7e7d56976b6a16c4424071e3fd9b61a35033da6cc82d7867579174baabffc164	f0ffdefaa605f80c82673cccd907a464f88292be9f4950885aca05459c413ecf
connectedglass:tinted_borderless_glass	full	1	c9fb79438d0de99799e168dfe88b717c88017ffde6f36cc041404350ba66b599	cab44f445c43a5434572aff5d9fbe06aaeebe85a1ef768d3eddd6ce913cf3aae
connectedglass:tinted_borderless_glass_black	full	1	856da5471f426c162a8fc270fbd0109aa3d2a665e872a8ec5379448b1e0ceaca	2b1f0cbc176b6d9fd8751f24aecb4d17d5e7d6313cc28bdff87a16001f6540de
connectedglass:tinted_borderless_glass_blue	full	1	23061b18d871a60f8af37f14a7593bea0f89916f5810d6e7a94170a3ea42e387	fb58ac70b2dd1521676a72258c8d629b4aa4a178d08fb3213babfad82ec6ac16
connectedglass:tinted_borderless_glass_brown	full	1	7f693dfd8abe7060126fcaf9e609fb6bffa8216cb02a4427d6f56ac9b7510fe0	b509e48d5b73045356ceaae285b9704cd5dd0b695809aaa02e5e84e8a369582b
connectedglass:tinted_borderless_glass_cyan	full	1	e5522a4c0a634dc1fd12c54fd3d65affbff3cd8e975a7606d9f043c8946c5fe1	bf41cdd274cfe83cd2a485ea3426c61258c2ed22f758317f8373aac508dbc9a6
connectedglass:tinted_borderless_glass_gray	full	1	99279053442453fcb4d69a0e404c964961a69084485253da65b1d75e9ac6931f	0b6335b6a099bfcee0880c23f155cf612b4d60aec10028ef739151a5152c8ef8
connectedglass:tinted_borderless_glass_green	full	1	426336e7bfcc515f65ae959c5f2c106dc45dafb41883ec22b54ce6f9c328987b	95541119f2d9f22b2453f0421a73cda90a8b62ae7855723c64ab108e37b303fa
connectedglass:tinted_borderless_glass_light_blue	full	1	d080ac291ef00c07883b034ad2dc829fbcb053741b24341abc2c6aec72b2d390	7ac34f5f2ca94392b5e3b16842fdd3a950a8d101a83cb881e06ed0c133a86d63
connectedglass:tinted_borderless_glass_light_gray	full	1	d0c59fd4b649e83eaf30ff957064cc1a550869c908e8d6fd0bc0474ba058c950	731ccbd0c9720a7a30c526257501489e14f6edb31b36727652fafc12a77045d2
connectedglass:tinted_borderless_glass_lime	full	1	4d1388a57749e7b2e7a9b41628078772973662d1960470cba650bcd752526849	23a4612552435b8eb0ed2d967c35b62a114ec73287ff46df3d9544c07d8af86f
connectedglass:tinted_borderless_glass_magenta	full	1	d452018f0bd966e7ad3d72e6d48471627f196630f8df8dd605863529f345ea97	817b36e587d0cc1e154519ffdd9317731e30eb152f4a5a4d1dcd2ed22f9bc65a
connectedglass:tinted_borderless_glass_orange	full	1	29b6c3d71b445e4528163a45aef664307b0e31879b0adaf69e50c45d846708e0	e9ad75e3cb29170bac02152745b033567cadabded210a434f82d4ea3b5d4106e
connectedglass:tinted_borderless_glass_pink	full	1	8653feb68f7e2e1faee42c254c7e60fb385302e4a0f2ff614117658471de5c01	d00cd5f10f8b8dfbec694ce295b4d5a35989fdc3ffe8d9b2e868594b917374ed
connectedglass:tinted_borderless_glass_purple	full	1	fe023716ccb563f6b56caf1b93d1a645c45ecfeba03f233b0c965938ff292ad8	27bd6743dd27d1d854063bd5b24e9868415f4f8e7148c0a24d3108fc0dd31dec
connectedglass:tinted_borderless_glass_red	full	1	2c3be9d7e6f7a739258ac4eda64d1dfea7a14c512607717363cc1186dfde9c00	c7239c20091dd6d82c21b24458ecc3ffe5ef419c23476df86a0763f39679b9c2
connectedglass:tinted_borderless_glass_white	full	1	27861f93ecba1638597fb0c4bfb8478b18fc90a1ebeee90e9abe002e0322c07d	1d0beb62579b8cb4fef672724d465a0579b70f3209fe0b670d741c04ff5c14c6
connectedglass:tinted_borderless_glass_yellow	full	1	b5b6280a16762d786608dd44e9ba22ec8897d5833aacb05b1877b775911f7d7a	f0f47e4f11cc8d00748d343b43e18c307a972773d6fcd62c497360cca89176be
