connectedglass:borderless_glass/borderless_glass	pieced	80	16	4f17b6c6cb64a4a7991a4555d421874ecbf52cd95bc1d7bb3d1aad6bd4c7de8d
connectedglass:borderless_glass/borderless_glass_black	pieced	80	16	f24cd7e5274eca26c1d9f9429e55733a3f7ca0741cd799e6c6d4d4a526efa863
connectedglass:borderless_glass/borderless_glass_black_edge	plain	16	16	-
connectedglass:borderless_glass/borderless_glass_blue	pieced	80	16	f24cd7e5274eca26c1d9f9429e55733a3f7ca0741cd799e6c6d4d4a526efa863
connectedglass:borderless_glass/borderless_glass_blue_edge	plain	16	16	-
connectedglass:borderless_glass/borderless_glass_brown	pieced	80	16	f24cd7e5274eca26c1d9f9429e55733a3f7ca0741cd799e6c6d4d4a526efa863
connectedglass:borderless_glass/borderless_glass_brown_edge	plain	16	16	-
connectedglass:borderless_glass/borderless_glass_cyan	pieced	80	16	f24cd7e5274eca26c1d9f9429e55733a3f7ca0741cd799e6c6d4d4a526efa863
connectedglass:borderless_glass/borderless_glass_cyan_edge	plain	16	16	-
connectedglass:borderless_glass/borderless_glass_edge	plain	16	16	-
connectedglass:borderless_glass/borderless_glass_gray	pieced	80	16	f24cd7e5274eca26c1d9f9429e55733a3f7ca0741cd799e6c6d4d4a526efa863
connectedglass:borderless_glass/borderless_glass_gray_edge	plain	16	16	-
connectedglass:borderless_glass/borderless_glass_green	pieced	80	16	f24cd7e5274eca26c1d9f9429e55733a3f7ca0741cd799e6c6d4d4a526efa863
connectedglass:borderless_glass/borderless_glass_green_edge	plain	16	16	-
connectedglass:borderless_glass/borderless_glass_light_blue	pieced	80	16	f24cd7e5274eca26c1d9f9429e55733a3f7ca0741cd799e6c6d4d4a526efa863
connectedglass:borderless_glass/borderless_glass_light_blue_edge	plain	16	16	-
connectedglass:borderless_glass/borderless_glass_light_gray	pieced	80	16	f24cd7e5274eca26c1d9f9429e55733a3f7ca0741cd799e6c6d4d4a526efa863
connectedglass:borderless_glass/borderless_glass_light_gray_edge	plain	16	16	-
connectedglass:borderless_glass/borderless_glass_lime	pieced	80	16	f24cd7e5274eca26c1d9f9429e55733a3f7ca0741cd799e6c6d4d4a526efa863
connectedglass:borderless_glass/borderless_glass_lime_edge	plain	16	16	-
connectedglass:borderless_glass/borderless_glass_magenta	pieced	80	16	f24cd7e5274eca26c1d9f9429e55733a3f7ca0741cd799e6c6d4d4a526efa863
connectedglass:borderless_glass/borderless_glass_magenta_edge	plain	16	16	-
connectedglass:borderless_glass/borderless_glass_orange	pieced	80	16	f24cd7e5274eca26c1d9f9429e55733a3f7ca0741cd799e6c6d4d4a526efa863
connectedglass:borderless_glass/borderless_glass_orange_edge	plain	16	16	-
connectedglass:borderless_glass/borderless_glass_pink	pieced	80	16	f24cd7e5274eca26c1d9f9429e55733a3f7ca0741cd799e6c6d4d4a526efa863
connectedglass:borderless_glass/borderless_glass_pink_edge	plain	16	16	-
connectedglass:borderless_glass/borderless_glass_purple	pieced	80	16	f24cd7e5274eca26c1d9f9429e55733a3f7ca0741cd799e6c6d4d4a526efa863
connectedglass:borderless_glass/borderless_glass_purple_edge	plain	16	16	-
connectedglass:borderless_glass/borderless_glass_red	pieced	80	16	4f17b6c6cb64a4a7991a4555d421874ecbf52cd95bc1d7bb3d1aad6bd4c7de8d
connectedglass:borderless_glass/borderless_glass_red_edge	plain	16	16	-
connectedglass:borderless_glass/borderless_glass_white	pieced	80	16	f24cd7e5274eca26c1d9f9429e55733a3f7ca0741cd799e6c6d4d4a526efa863
connectedglass:borderless_glass/borderless_glass_white_edge	plain	16	16	-
connectedglass:borderless_glass/borderless_glass_yellow	pieced	80	16	f24cd7e5274eca26c1d9f9429e55733a3f7ca0741cd799e6c6d4d4a526efa863
connectedglass:borderless_glass/borderless_glass_yellow_edge	plain	16	16	-
connectedglass:clear_glass/clear_glass	pieced	80	16	4f17b6c6cb64a4a7991a4555d421874ecbf52cd95bc1d7bb3d1aad6bd4c7de8d
connectedglass:clear_glass/clear_glass_black	pieced	80	16	f24cd7e5274eca26c1d9f9429e55733a3f7ca0741cd799e6c6d4d4a526efa863
connectedglass:clear_glass/clear_glass_black_edge	plain	16	16	-
connectedglass:clear_glass/clear_glass_blue	pieced	80	16	f24cd7e5274eca26c1d9f9429e55733a3f7ca0741cd799e6c6d4d4a526efa863
connectedglass:clear_glass/clear_glass_blue_edge	plain	16	16	-
connectedglass:clear_glass/clear_glass_brown	pieced	80	16	f24cd7e5274eca26c1d9f9429e55733a3f7ca0741cd799e6c6d4d4a526efa863
connectedglass:clear_glass/clear_glass_brown_edge	plain	16	16	-
connectedglass:clear_glass/clear_glass_cyan	pieced	80	16	f24cd7e5274eca26c1d9f9429e55733a3f7ca0741cd799e6c6d4d4a526efa863
connectedglass:clear_glass/clear_glass_cyan_edge	plain	16	16	-
connectedglass:clear_glass/clear_glass_edge	plain	16	16	-
connectedglass:clear_glass/clear_glass_gray	pieced	80	16	f24cd7e5274eca26c1d9f9429e55733a3f7ca0741cd799e6c6d4d4a526efa863
connectedglass:clear_glass/clear_glass_gray_edge	plain	16	16	-
connectedglass:clear_glass/clear_glass_green	pieced	80	16	f24cd7e5274eca26c1d9f9429e55733a3f7ca0741cd799e6c6d4d4a526efa863
connectedglass:clear_glass/clear_glass_green_edge	plain	16	16	-
connectedglass:clear_glass/clear_glass_light_blue	pieced	80	16	f24cd7e5274eca26c1d9f9429e55733a3f7ca0741cd799e6c6d4d4a526efa863
connectedglass:clear_glass/clear_glass_light_blue_edge	plain	16	16	-
connectedglass:clear_glass/clear_glass_light_gray	pieced	80	16	f24cd7e5274eca26c1d9f9429e55733a3f7ca0741cd799e6c6d4d4a526efa863
connectedglass:clear_glass/clear_glass_light_gray_edge	plain	16	16	-
connectedglass:clear_glass/clear_glass_lime	pieced	80	16	f24cd7e5274eca26c1d9f9429e55733a3f7ca0741cd799e6c6d4d4a526efa863
connectedglass:clear_glass/clear_glass_lime_edge	plain	16	16	-
connectedglass:clear_glass/clear_glass_magenta	pieced	80	16	f24cd7e5274eca26c1d9f9429e55733a3f7ca0741cd799e6c6d4d4a526efa863
connectedglass:clear_glass/clear_glass_magenta_edge	plain	16	16	-
connectedglass:clear_glass/clear_glass_orange	pieced	80	16	f24cd7e5274eca26c1d9f9429e55733a3f7ca0741cd799e6c6d4d4a526efa863
connectedglass:clear_glass/clear_glass_orange_edge	plain	16	16	-
connectedglass:clear_glass/clear_glass_pink	pieced	80	16	f24cd7e5274eca26c1d9f9429e55733a3f7ca0741cd799e6c6d4d4a526efa863
connectedglass:clear_glass/clear_glass_pink_edge	plain	16	16	-
connectedglass:clear_glass/clear_glass_purple	pieced	80	16	f24cd7e5274eca26c1d9f9429e55733a3f7ca0741cd799e6c6d4d4a526efa863
connectedglass:clear_glass/clear_glass_purple_edge	plain	16	16	-
connectedglass:clear_glass/clear_glass_red	pieced	80	16	4f17b6c6cb64a4a7991a4555d421874ecbf52cd95bc1d7bb3d1aad6bd4c7de8d
connectedglass:clear_glass/clear_glass_red_edge	plain	16	16	-
connectedglass:clear_glass/clear_glass_white	pieced	80	16	f24cd7e5274eca26c1d9f9429e55733a3f7ca0741cd799e6c6d4d4a526efa863
connectedglass:clear_glass/clear_glass_white_edge	plain	16	16	-
connectedglass:clear_glass/clear_glass_yellow	pieced	80	16	f24cd7e5274eca26c1d9f9429e55733a3f7ca0741cd799e6c6d4d4a526efa863
connectedglass:clear_glass/clear_glass_yellow_edge	plain	16	16	-
connectedglass:scratched_glass/scratched_glass	pieced	80	16	4f17b6c6cb64a4a7991a4555d421874ecbf52cd95bc1d7bb3d1aad6bd4c7de8d
connectedglass:scratched_glass/scratched_glass_black	pieced	80	16	f24cd7e5274eca26c1d9f9429e55733a3f7ca0741cd799e6c6d4d4a526efa863
connectedglass:scratched_glass/scratched_glass_black_edge	plain	16	16	-
connectedglass:scratched_glass/scratched_glass_blue	pieced	80	16	f24cd7e5274eca26c1d9f9429e55733a3f7ca0741cd799e6c6d4d4a526efa863
connectedglass:scratched_glass/scratched_glass_blue_edge	plain	16	16	-
connectedglass:scratched_glass/scratched_glass_brown	pieced	80	16	f24cd7e5274eca26c1d9f9429e55733a3f7ca0741cd799e6c6d4d4a526efa863
connectedglass:scratched_glass/scratched_glass_brown_edge	plain	16	16	-
connectedglass:scratched_glass/scratched_glass_cyan	pieced	80	16	f24cd7e5274eca26c1d9f9429e55733a3f7ca0741cd799e6c6d4d4a526efa863
connectedglass:scratched_glass/scratched_glass_cyan_edge	plain	16	16	-
connectedglass:scratched_glass/scratched_glass_edge	plain	16	16	-
connectedglass:scratched_glass/scratched_glass_gray	pieced	80	16	f24cd7e5274eca26c1d9f9429e55733a3f7ca0741cd799e6c6d4d4a526efa863
connectedglass:scratched_glass/scratched_glass_gray_edge	plain	16	16	-
connectedglass:scratched_glass/scratched_glass_green	pieced	80	16	f24cd7e5274eca26c1d9f9429e55733a3f7ca0741cd799e6c6d4d4a526efa863
connectedglass:scratched_glass/scratched_glass_green_edge	plain	16	16	-
connectedglass:scratched_glass/scratched_glass_light_blue	pieced	80	16	f24cd7e5274eca26c1d9f9429e55733a3f7ca0741cd799e6c6d4d4a526efa863
connectedglass:scratched_glass/scratched_glass_light_blue_edge	plain	16	16	-
connectedglass:scratched_glass/scratched_glass_light_gray	pieced	80	16	f24cd7e5274eca26c1d9f9429e55733a3f7ca0741cd799e6c6d4d4a526efa863
connectedglass:scratched_glass/scratched_glass_light_gray_edge	plain	16	16	-
connectedglass:scratched_glass/scratched_glass_lime	pieced	80	16	f24cd7e5274eca26c1d9f9429e55733a3f7ca0741cd799e6c6d4d4a526efa863
connectedglass:scratched_glass/scratched_glass_lime_edge	plain	16	16	-
connectedglass:scratched_glass/scratched_glass_magenta	pieced	80	16	f24cd7e5274eca26c1d9f9429e55733a3f7ca0741cd799e6c6d4d4a526efa863
connectedglass:scratched_glass/scratched_glass_magenta_edge	plain	16	16	-
connectedglass:scratched_glass/scratched_glass_orange	pieced	80	16	f24cd7e5274eca26c1d9f9429e55733a3f7ca0741cd799e6c6d4d4a526efa863
connectedglass:scratched_glass/scratched_glass_orange_edge	plain	16	16	-
connectedglass:scratched_glass/scratched_glass_pink	pieced	80	16	f24cd7e5274eca26c1d9f9429e55733a3f7ca0741cd799e6c6d4d4a526efa863
connectedglass:scratched_glass/scratched_glass_pink_edge	plain	16	16	-
connectedglass:scratched_glass/scratched_glass_purple	pieced	80	16	f24cd7e5274eca26c1d9f9429e55733a3f7ca0741cd799e6c6d4d4a526efa863
connectedglass:scratched_glass/scratched_glass_purple_edge	plain	16	16	-
connectedglass:scratched_glass/scratched_glass_red	pieced	80	16	4f17b6c6cb64a4a7991a4555d421874ecbf52cd95bc1d7bb3d1aad6bd4c7de8d
connectedglass:scratched_glass/scratched_glass_red_edge	plain	16	16	-
connectedglass:scratched_glass/scratched_glass_white	pieced	80	16	f24cd7e5274eca26c1d9f9429e55733a3f7ca0741cd799e6c6d4d4a526efa863
connectedglass:scratched_glass/scratched_glass_white_edge	plain	16	16	-
connectedglass:scratched_glass/scratched_glass_yellow	pieced	80	16	f24cd7e5274eca26c1d9f9429e55733a3f7ca0741cd799e6c6d4d4a526efa863
connectedglass:scratched_glass/scratched_glass_yellow_edge	plain	16	16	-
connectedglass:tinted_borderless_glass/tinted_borderless_glass	pieced	80	16	4f17b6c6cb64a4a7991a4555d421874ecbf52cd95bc1d7bb3d1aad6bd4c7de8d
connectedglass:tinted_borderless_glass/tinted_borderless_glass_black	pieced	80	16	f24cd7e5274eca26c1d9f9429e55733a3f7ca0741cd799e6c6d4d4a526efa863
connectedglass:tinted_borderless_glass/tinted_borderless_glass_blue	pieced	80	16	f24cd7e5274eca26c1d9f9429e55733a3f7ca0741cd799e6c6d4d4a526efa863
connectedglass:tinted_borderless_glass/tinted_borderless_glass_brown	pieced	80	16	f24cd7e5274eca26c1d9f9429e55733a3f7ca0741cd799e6c6d4d4a526efa863
connectedglass:tinted_borderless_glass/tinted_borderless_glass_cyan	pieced	80	16	f24cd7e5274eca26c1d9f9429e55733a3f7ca0741cd799e6c6d4d4a526efa863
connectedglass:tinted_borderless_glass/tinted_borderless_glass_gray	pieced	80	16	f24cd7e5274eca26c1d9f9429e55733a3f7ca0741cd799e6c6d4d4a526efa863
connectedglass:tinted_borderless_glass/tinted_borderless_glass_green	pieced	80	16	f24cd7e5274eca26c1d9f9429e55733a3f7ca0741cd799e6c6d4d4a526efa863
connectedglass:tinted_borderless_glass/tinted_borderless_glass_light_blue	pieced	80	16	f24cd7e5274eca26c1d9f9429e55733a3f7ca0741cd799e6c6d4d4a526efa863
connectedglass:tinted_borderless_glass/tinted_borderless_glass_light_gray	pieced	80	16	f24cd7e5274eca26c1d9f9429e55733a3f7ca0741cd799e6c6d4d4a526efa863
connectedglass:tinted_borderless_glass/tinted_borderless_glass_lime	pieced	80	16	f24cd7e5274eca26c1d9f9429e55733a3f7ca0741cd799e6c6d4d4a526efa863
connectedglass:tinted_borderless_glass/tinted_borderless_glass_magenta	pieced	80	16	f24cd7e5274eca26c1d9f9429e55733a3f7ca0741cd799e6c6d4d4a526efa863
connectedglass:tinted_borderless_glass/tinted_borderless_glass_orange	pieced	80	16	f24cd7e5274eca26c1d9f9429e55733a3f7ca0741cd799e6c6d4d4a526efa863
connectedglass:tinted_borderless_glass/tinted_borderless_glass_pink	pieced	80	16	f24cd7e5274eca26c1d9f9429e55733a3f7ca0741cd799e6c6d4d4a526efa863
connectedglass:tinted_borderless_glass/tinted_borderless_glass_purple	pieced	80	16	f24cd7e5274eca26c1d9f9429e55733a3f7ca0741cd799e6c6d4d4a526efa863
connectedglass:tinted_borderless_glass/tinted_borderless_glass_red	pieced	80	16	4f17b6c6cb64a4a7991a4555d421874ecbf52cd95bc1d7bb3d1aad6bd4c7de8d
connectedglass:tinted_borderless_glass/tinted_borderless_glass_white	pieced	80	16	f24cd7e5274eca26c1d9f9429e55733a3f7ca0741cd799e6c6d4d4a526efa863
connectedglass:tinted_borderless_glass/tinted_borderless_glass_yellow	pieced	80	16	f24cd7e5274eca26c1d9f9429e55733a3f7ca0741cd799e6c6d4d4a526efa863
